易建强,侯增广,程龙,熊刚,王学雷,王健,吕宜生,朱凤华
魏庆来,王卫群,,,刘振,郭大蕾,康孟珍,
王硕,王鹏,乔红,刘宏斌,边桂彬,王双翌,王伟,王宇
刘智勇,邹伟,周超,赵晓光,田滨,刘希龙,苏建华,贾立好
侯增广,曹志强,梁自泽,景奉水,李恩,杨国栋,吴正兴,吴伟
谭民,王卫群,,,何文浩,郑恩昊,郑碎武,鲁涛
,,,,谢晓亮,蔡莹皓,邓赛,李海鹏
王云宽,王硕,范国梁,周超,,,,
赵晓光,曹志强,梁自泽,景奉水,,,,
程龙,谭民,,,,,,
刘宏斌,邹伟,徐德,,吴保林,沈飞,张大朋,
王云宽,王欣刚,张正涛,谭杰,,,,
汪军,范国梁,易建强,赵冬斌,李林静,蒲志强,徐博,朱圆恒
黄凯奇,,,,高阳,关强,袁如意,
王飞跃,毛文吉,杨青,张文生,李秋丹,郑晓龙,袁勇,曹志冬
曾大军,,,,,,,
王丹力,,,,,,,
向世明,刘成林,刘智勇,张兆翔,王闯,杨旭,杨沛沛,张煦尧
赫然,,,,张燕明,,,
王飞跃,毛文吉,杨一平,余山,王军平,倪晚成,孙正雅,沈震
汪军,张文生,赵冬斌,魏庆来,张海峰,尹奇跃,张俊格,
兴军亮,吕品,,,,,,
王欣刚,杨青,吴毅红,张正涛,申抒含,李书晓,吴怀宇,汪凌峰
胡卫明,胡占义,顾庆毅,徐德,孟高峰,侯新文,徐士彪,高伟
唐明,黄凯奇,董秋雷,赫然,高晋,常红星,张峰,
谭铁牛,,,,,,,
王金桥,王春恒,王亮,卢汉清,万军,马喜波,王伟,杨小汕
向世明,刘冰,刘振宇,刘静,张一帆,崔h,霍春雷,
孙哲南,李兵,杨戈,肖柏华,,,,
张兆翔,张晓鹏,顾庆毅,徐常胜,,,,
唐明,隋婧,彭思龙,韩华,,,,
程健,潘春洪,蒿杰,,,,,
徐波,陶建华,,,刘斌,许家铭,,
周玉,宗成庆,赵军,刘康,何世柱,,,
张家俊,,,,,,,
刘勇,刘振宇,何晖光,胡振华,王坤,左年明,杜洋,宋明
蒋田仔,樊令仲,杨鑫,,尚文婷,董迪,惠辉,杨正宜
刘冰,刘勇,余山,隋婧,,,,
蒋田仔,樊令仲,,,,,,
杨戈,韩华,,,陈曦,李国庆,,
徐波,曾毅,,,王威,邢登鹏,孔庆群,张倩
王亮,何晖光,胡占义,,吕彦锋,,,
张树武,张家俊,曾毅,,,,,
王鹏,乔红,,,,,,
王丹力,张树武,张晓鹏,,车武军,严冬明,孟维亮,郭建伟
王金桥,刘静,吴毅红,,陈智能,杨明浩,,
卢汉清,李兵,肖柏华,周玉,方全,吴书,罗冠,原春锋
宗成庆,赵军,胡卫明,徐常胜,董未名,董晶,,
陶建华,曾大军,刘康,,,,,
王春恒,刘成林,,,张恒,殷飞,,
孙哲南,胡振华,谭铁牛,雷震,,,,
杨鑫,,,,,,,
程健,蒿杰,,,马小军,尹志刚,张志伟,胡绍勇
,,,,陈亮,,,
杨一平,彭思龙,谭杰,熊刚,刘禹,李学恩,廖名学,薛文芳
兴军亮,吕品,,,,,,
董秋雷,潘春洪,,,马雷,翁璐斌,,
